SKU;SKU Pai;Imagem 1;Imagem 2;Imagem 3;Imagem 4;Imagem 5;Imagem 6;Imagem 7;Imagem 8;Imagem 9;Imagem 10;Canal
544613;;https://adaptive-images.uooucdn.com.br/tr:w-1100,h-1594,c-at_max,pr-true,q-88/a6-owc9pq/pv/14/87/ec/cdc97e87599bcce12703e49894.png;;;;;;;;;;Ambiente Demonstrativo
;544613;https://adaptive-images.uooucdn.com.br/tr:w-1100,h-1594,c-at_max,pr-true,q-88/a6-owc9pq/pv/c5/95/cf/c96ef79f976d944d3cf64ce792.png;https://adaptive-images.uooucdn.com.br/tr:w-1100,h-1594,c-at_max,pr-true,q-88/a6-owc9pq/pv/06/d6/b8/62935cff9c41ad2d8218ded29e.png;https://adaptive-images.uooucdn.com.br/tr:w-1100,h-1594,c-at_max,pr-true,q-88/a6-owc9pq/pv/87/a4/ae/204c2723fceae0138dd137305e.png;;;;;;;;
;544613;https://adaptive-images.uooucdn.com.br/tr:w-1100,h-1594,c-at_max,pr-true,q-88/a6-owc9pq/pv/50/b4/5f/b372e6c4fe4c570ed053ccbf35.png;https://adaptive-images.uooucdn.com.br/tr:w-1100,h-1594,c-at_max,pr-true,q-88/a6-owc9pq/pv/0e/6c/c3/949ac60050ae708c64d7045b75.png;https://adaptive-images.uooucdn.com.br/tr:w-1100,h-1594,c-at_max,pr-true,q-88/a6-owc9pq/pv/46/f4/03/ee7e5c1e1f8b1cedacaa882339.png;;;;;;;;
;544613;https://adaptive-images.uooucdn.com.br/tr:w-1100,h-1594,c-at_max,pr-true,q-88/a6-owc9pq/pv/c5/95/cf/c96ef79f976d944d3cf64ce792.png;https://adaptive-images.uooucdn.com.br/tr:w-1100,h-1594,c-at_max,pr-true,q-88/a6-owc9pq/pv/06/d6/b8/62935cff9c41ad2d8218ded29e.png;https://adaptive-images.uooucdn.com.br/tr:w-1100,h-1594,c-at_max,pr-true,q-88/a6-owc9pq/pv/87/a4/ae/204c2723fceae0138dd137305e.png;;;;;;;;
;544613;https://adaptive-images.uooucdn.com.br/tr:w-1100,h-1594,c-at_max,pr-true,q-88/a6-owc9pq/pv/50/b4/5f/b372e6c4fe4c570ed053ccbf35.png;https://adaptive-images.uooucdn.com.br/tr:w-1100,h-1594,c-at_max,pr-true,q-88/a6-owc9pq/pv/0e/6c/c3/949ac60050ae708c64d7045b75.png;https://adaptive-images.uooucdn.com.br/tr:w-1100,h-1594,c-at_max,pr-true,q-88/a6-owc9pq/pv/46/f4/03/ee7e5c1e1f8b1cedacaa882339.png;;;;;;;;
;544613;https://adaptive-images.uooucdn.com.br/tr:w-1100,h-1594,c-at_max,pr-true,q-88/a6-owc9pq/pv/c5/95/cf/c96ef79f976d944d3cf64ce792.png;https://adaptive-images.uooucdn.com.br/tr:w-1100,h-1594,c-at_max,pr-true,q-88/a6-owc9pq/pv/06/d6/b8/62935cff9c41ad2d8218ded29e.png;https://adaptive-images.uooucdn.com.br/tr:w-1100,h-1594,c-at_max,pr-true,q-88/a6-owc9pq/pv/87/a4/ae/204c2723fceae0138dd137305e.png;;;;;;;;
;544613;https://adaptive-images.uooucdn.com.br/tr:w-1100,h-1594,c-at_max,pr-true,q-88/a6-owc9pq/pv/50/b4/5f/b372e6c4fe4c570ed053ccbf35.png;https://adaptive-images.uooucdn.com.br/tr:w-1100,h-1594,c-at_max,pr-true,q-88/a6-owc9pq/pv/0e/6c/c3/949ac60050ae708c64d7045b75.png;https://adaptive-images.uooucdn.com.br/tr:w-1100,h-1594,c-at_max,pr-true,q-88/a6-owc9pq/pv/46/f4/03/ee7e5c1e1f8b1cedacaa882339.png;;;;;;;;
;544613;https://adaptive-images.uooucdn.com.br/tr:w-1100,h-1594,c-at_max,pr-true,q-88/a6-owc9pq/pv/c5/95/cf/c96ef79f976d944d3cf64ce792.png;https://adaptive-images.uooucdn.com.br/tr:w-1100,h-1594,c-at_max,pr-true,q-88/a6-owc9pq/pv/06/d6/b8/62935cff9c41ad2d8218ded29e.png;https://adaptive-images.uooucdn.com.br/tr:w-1100,h-1594,c-at_max,pr-true,q-88/a6-owc9pq/pv/87/a4/ae/204c2723fceae0138dd137305e.png;;;;;;;;
;544613;https://adaptive-images.uooucdn.com.br/tr:w-1100,h-1594,c-at_max,pr-true,q-88/a6-owc9pq/pv/50/b4/5f/b372e6c4fe4c570ed053ccbf35.png;https://adaptive-images.uooucdn.com.br/tr:w-1100,h-1594,c-at_max,pr-true,q-88/a6-owc9pq/pv/0e/6c/c3/949ac60050ae708c64d7045b75.png;https://adaptive-images.uooucdn.com.br/tr:w-1100,h-1594,c-at_max,pr-true,q-88/a6-owc9pq/pv/46/f4/03/ee7e5c1e1f8b1cedacaa882339.png;;;;;;;;
544612;;https://adaptive-images.uooucdn.com.br/tr:w-1100,h-1594,c-at_max,pr-true,q-88/a6-owc9pq/pv/d6/5a/99/a81d466eaa00f30bcfd3cda0ac.png;https://adaptive-images.uooucdn.com.br/tr:w-1100,h-1594,c-at_max,pr-true,q-88/a6-owc9pq/pv/b6/a6/bc/62c18e65ca5587f2dcb4a51e91.png;https://adaptive-images.uooucdn.com.br/tr:w-1100,h-1594,c-at_max,pr-true,q-88/a6-owc9pq/pv/a6/60/5f/e04b186e6a30417de6b70deda1.png;https://adaptive-images.uooucdn.com.br/tr:w-1100,h-1594,c-at_max,pr-true,q-88/a6-owc9pq/pv/88/4c/df/1648de837877e3f03dae2f1d9a.png;;;;;;;Ambiente Demonstrativo
;544612;;;;;;;;;;;
;544612;;;;;;;;;;;
;544612;;;;;;;;;;;
;544612;;;;;;;;;;;
544611;;https://adaptive-images.uooucdn.com.br/tr:w-1100,h-1594,c-at_max,pr-true,q-88/a6-owc9pq/pv/5f/b0/ad/98f8706eff31c3a12c13e7eeb1.jpg;https://adaptive-images.uooucdn.com.br/tr:w-1100,h-1594,c-at_max,pr-true,q-88/a6-owc9pq/pv/c0/b3/56/4e9850e4cda735d5aa23993629.jpg;https://adaptive-images.uooucdn.com.br/tr:w-1100,h-1594,c-at_max,pr-true,q-88/a6-owc9pq/pv/58/61/85/ae4d2e1f8ee3f36d68e64aedfc.jpg;https://adaptive-images.uooucdn.com.br/tr:w-1100,h-1594,c-at_max,pr-true,q-88/a6-owc9pq/pv/d4/47/33/b19edbc8d55ca04a2232a45659.jpg;;;;;;;Ambiente Demonstrativo
544611-PP;544611;;;;;;;;;;;
544611-P;544611;;;;;;;;;;;
544611-M;544611;;;;;;;;;;;
544611-G;544611;;;;;;;;;;;
544611-GG;544611;;;;;;;;;;;
544611-XG;544611;;;;;;;;;;;
544610;;https://adaptive-images.uooucdn.com.br/tr:w-1100,h-1594,c-at_max,pr-true,q-88/a6-owc9pq/pv/14/b4/a5/0e4475bf317efead10a3f526a7.jpg;https://adaptive-images.uooucdn.com.br/tr:w-1100,h-1594,c-at_max,pr-true,q-88/a6-owc9pq/pv/b1/64/52/fa3a1d731f3a75fb219529c5f9.jpg;https://adaptive-images.uooucdn.com.br/tr:w-1100,h-1594,c-at_max,pr-true,q-88/a6-owc9pq/pv/7a/67/6f/66948e8f0c7967bf9f537d6c74.jpg;https://adaptive-images.uooucdn.com.br/tr:w-1100,h-1594,c-at_max,pr-true,q-88/a6-owc9pq/pv/cf/26/ff/0932e0413da1c8fec3ecfe3da9.jpg;;;;;;;Ambiente Demonstrativo
544610-PP;544610;;;;;;;;;;;
544610-P;544610;;;;;;;;;;;
544610-M;544610;;;;;;;;;;;
544610-G;544610;;;;;;;;;;;
544610-XG;544610;;;;;;;;;;;
544608;;https://adaptive-images.uooucdn.com.br/tr:w-1100,h-1594,c-at_max,pr-true,q-88/a6-owc9pq/pv/5a/2c/c5/11aa7aa52979c0a230e9ad30ca.jpg;https://adaptive-images.uooucdn.com.br/tr:w-1100,h-1594,c-at_max,pr-true,q-88/a6-owc9pq/pv/f5/2f/87/2c71844b60bd5ddffa83ee792a.jpg;https://adaptive-images.uooucdn.com.br/tr:w-1100,h-1594,c-at_max,pr-true,q-88/a6-owc9pq/pv/2b/22/6d/348185cb3debdac9b29a847ac6.jpg;;;;;;;;Ambiente Demonstrativo
544607;;https://adaptive-images.uooucdn.com.br/tr:w-1100,h-1594,c-at_max,pr-true,q-88/a6-owc9pq/pv/d3/30/db/5ae6900339095fa982cdd02fd4.jpg;https://adaptive-images.uooucdn.com.br/tr:w-1100,h-1594,c-at_max,pr-true,q-88/a6-owc9pq/pv/15/06/cb/957e2e3ffbe257584eef24f028.jpg;;;;;;;;;Ambiente Demonstrativo
544606;;https://adaptive-images.uooucdn.com.br/tr:w-1100,h-1594,c-at_max,pr-true,q-88/a6-owc9pq/pv/cd/25/df/a84a37b627a6d4252c004960c1.jpg;;;;;;;;;;Ambiente Demonstrativo
;544606;;;;;;;;;;;
;544606;;;;;;;;;;;
;544606;;;;;;;;;;;
KIT-12345;;https://adaptive-images.uooucdn.com.br/tr:w-1100,h-1594,c-at_max,pr-true,q-88/a6-owc9pq/pv/c0/5e/83/55f6b6e586100afc9a52a890cf.jpg;https://adaptive-images.uooucdn.com.br/tr:w-1100,h-1594,c-at_max,pr-true,q-88/a6-owc9pq/pv/9c/fa/aa/24794a3064ea0e03368a20f423.jpg;;;;;;;;;Ambiente Demonstrativo
544605;;https://adaptive-images.uooucdn.com.br/tr:w-1100,h-1594,c-at_max,pr-true,q-88/a6-owc9pq/pv/fe/a4/45/0947ce58e8ec8317bc252d6904.png;https://adaptive-images.uooucdn.com.br/tr:w-1100,h-1594,c-at_max,pr-true,q-88/a6-owc9pq/pv/c1/58/b8/773fbca70e3818256a9947b265.png;;;;;;;;;Ambiente Demonstrativo
544605-ROSA-LISO-P;544605;;;;;;;;;;;
544605-ROSA-CANELADO-P;544605;;;;;;;;;;;
544605-PRETO-LISO-P;544605;;;;;;;;;;;
544605-PRETO-CANELADO-P;544605;;;;;;;;;;;
544605-ROSA-LISO-M;544605;;;;;;;;;;;
544605-ROSA-CANELADO-M;544605;;;;;;;;;;;
544605-PRETO-LISO-M;544605;;;;;;;;;;;
544605-PRETO-CANELADO-M;544605;;;;;;;;;;;
544605-ROSA-LISO-G;544605;;;;;;;;;;;
544605-ROSA-CANELADO-G;544605;;;;;;;;;;;
544605-PRETO-LISO-G;544605;;;;;;;;;;;
544605-PRETO-CANELADO-G;544605;;;;;;;;;;;
544605-ROSA-LISO-GG;544605;;;;;;;;;;;
544605-ROSA-CANELADO-GG;544605;;;;;;;;;;;
544605-PRETO-LISO-GG;544605;;;;;;;;;;;
544605-PRETO-CANELADO-GG;544605;;;;;;;;;;;
544604;;https://adaptive-images.uooucdn.com.br/tr:w-1100,h-1594,c-at_max,pr-true,q-88/a6-owc9pq/pv/95/3a/8a/e3f328fa68115ed78fdc21b827.jpg;https://adaptive-images.uooucdn.com.br/tr:w-1100,h-1594,c-at_max,pr-true,q-88/a6-owc9pq/pv/7d/37/24/3385b961f77fd8f697fd3e254b.png;;;;;;;;;Ambiente Demonstrativo
;544604;;;;;;;;;;;
;544604;;;;;;;;;;;
;544604;;;;;;;;;;;
;544604;;;;;;;;;;;
;544604;;;;;;;;;;;
;544604;;;;;;;;;;;
544603;;;;;;;;;;;;Ambiente Demonstrativo
;544603;https://adaptive-images.uooucdn.com.br/tr:w-1100,h-1594,c-at_max,pr-true,q-88/a6-owc9pq/pv/6a/cb/91/ddb0185b40e93569b2ab6da445.png;;;;;;;;;;
;544603;https://adaptive-images.uooucdn.com.br/tr:w-1100,h-1594,c-at_max,pr-true,q-88/a6-owc9pq/pv/ae/f2/ba/2b98f603dfa79504f579053c84.png;;;;;;;;;;
;544603;https://adaptive-images.uooucdn.com.br/tr:w-1100,h-1594,c-at_max,pr-true,q-88/a6-owc9pq/pv/6a/cb/91/ddb0185b40e93569b2ab6da445.png;;;;;;;;;;
;544603;https://adaptive-images.uooucdn.com.br/tr:w-1100,h-1594,c-at_max,pr-true,q-88/a6-owc9pq/pv/ae/f2/ba/2b98f603dfa79504f579053c84.png;;;;;;;;;;
;544603;https://adaptive-images.uooucdn.com.br/tr:w-1100,h-1594,c-at_max,pr-true,q-88/a6-owc9pq/pv/6a/cb/91/ddb0185b40e93569b2ab6da445.png;;;;;;;;;;
;544603;https://adaptive-images.uooucdn.com.br/tr:w-1100,h-1594,c-at_max,pr-true,q-88/a6-owc9pq/pv/51/72/85/350c9588475e0af978cd7e92b2.png;https://adaptive-images.uooucdn.com.br/tr:w-1100,h-1594,c-at_max,pr-true,q-88/a6-owc9pq/pv/ae/f2/ba/2b98f603dfa79504f579053c84.png;;;;;;;;;
;544603;https://adaptive-images.uooucdn.com.br/tr:w-1100,h-1594,c-at_max,pr-true,q-88/a6-owc9pq/pv/66/0b/34/69b2eef108b09dd5ef309eb998.png;https://adaptive-images.uooucdn.com.br/tr:w-1100,h-1594,c-at_max,pr-true,q-88/a6-owc9pq/pv/6a/cb/91/ddb0185b40e93569b2ab6da445.png;;;;;;;;;
;544603;https://adaptive-images.uooucdn.com.br/tr:w-1100,h-1594,c-at_max,pr-true,q-88/a6-owc9pq/pv/ae/f2/ba/2b98f603dfa79504f579053c84.png;;;;;;;;;;
;544603;https://adaptive-images.uooucdn.com.br/tr:w-1100,h-1594,c-at_max,pr-true,q-88/a6-owc9pq/pv/6a/cb/91/ddb0185b40e93569b2ab6da445.png;;;;;;;;;;
;544603;https://adaptive-images.uooucdn.com.br/tr:w-1100,h-1594,c-at_max,pr-true,q-88/a6-owc9pq/pv/ae/f2/ba/2b98f603dfa79504f579053c84.png;;;;;;;;;;
544601;;https://adaptive-images.uooucdn.com.br/tr:w-1100,h-1594,c-at_max,pr-true,q-88/a6-owc9pq/pv/1c/23/b6/a307d2919d62c77793890319ca.png;;;;;;;;;;Ambiente Demonstrativo
;544601;;;;;;;;;;;
544599;;https://adaptive-images.uooucdn.com.br/tr:w-1100,h-1594,c-at_max,pr-true,q-88/a6-owc9pq/pv/71/b8/e1/f9b5be8cf42e1779b7e5e48c09.png;https://adaptive-images.uooucdn.com.br/tr:w-1100,h-1594,c-at_max,pr-true,q-88/a6-owc9pq/pv/28/76/4f/948cb86d9976b81e7a2d85874d.jpg;https://adaptive-images.uooucdn.com.br/tr:w-1100,h-1594,c-at_max,pr-true,q-88/a6-owc9pq/pv/5b/1c/a3/83106b88a7a1bc0ca2fc596bc8.jpg;https://adaptive-images.uooucdn.com.br/tr:w-1100,h-1594,c-at_max,pr-true,q-88/a6-owc9pq/pv/58/e9/6c/7ad4eb7c0803139b296e9a8f8b.jpg;https://adaptive-images.uooucdn.com.br/tr:w-1100,h-1594,c-at_max,pr-true,q-88/a6-owc9pq/pv/52/2a/8c/cbd9c14cfe07fcd0c49a955517.jpg;;;;;;Ambiente Demonstrativo
;544599;;;;;;;;;;;
;544599;;;;;;;;;;;
;544599;;;;;;;;;;;
;544599;;;;;;;;;;;
;544599;;;;;;;;;;;
;544599;;;;;;;;;;;
;544599;;;;;;;;;;;
;544599;;;;;;;;;;;
;544599;;;;;;;;;;;
;544599;;;;;;;;;;;
544598;;https://adaptive-images.uooucdn.com.br/tr:w-1100,h-1594,c-at_max,pr-true,q-88/a6-owc9pq/pv/14/25/40/9c00012e42ba47b3e69016de73.png;;;;;;;;;;Ambiente Demonstrativo
;544598;;;;;;;;;;;
;544598;;;;;;;;;;;
;544598;;;;;;;;;;;
;544598;;;;;;;;;;;
;544598;;;;;;;;;;;
544594;;https://adaptive-images.uooucdn.com.br/tr:w-1100,h-1594,c-at_max,pr-true,q-88/a6-owc9pq/pv/d6/8d/f0/2e34369ebb2f55cdf76abcb213.png;https://adaptive-images.uooucdn.com.br/tr:w-1100,h-1594,c-at_max,pr-true,q-88/a6-owc9pq/pv/67/2b/f0/55de663cacca64d70353d5005b.png;https://adaptive-images.uooucdn.com.br/tr:w-1100,h-1594,c-at_max,pr-true,q-88/a6-owc9pq/pv/7f/c9/c6/b6bf3d204a365f7be4909e34cc.png;;;;;;;;Ambiente Demonstrativo
544590;;https://adaptive-images.uooucdn.com.br/tr:w-1100,h-1594,c-at_max,pr-true,q-88/a6-owc9pq/pv/38/c9/39/f58e1221b55353bcd327a5b17c.png;;;;;;;;;;Ambiente Demonstrativo
;544590;;;;;;;;;;;
;544590;;;;;;;;;;;
;544590;;;;;;;;;;;
;544590;;;;;;;;;;;
;544590;;;;;;;;;;;
;544590;;;;;;;;;;;
544589;;https://adaptive-images.uooucdn.com.br/tr:w-1100,h-1594,c-at_max,pr-true,q-88/a6-owc9pq/pv/80/98/ac/6b35173f3a1d4139f0fb1fb5f2.png;;;;;;;;;;Ambiente Demonstrativo
544589-PP;544589;;;;;;;;;;;
544589-P;544589;;;;;;;;;;;
544589-M;544589;;;;;;;;;;;
544589-G;544589;;;;;;;;;;;
544589-GG;544589;;;;;;;;;;;
544589-XG;544589;;;;;;;;;;;
544588;;https://adaptive-images.uooucdn.com.br/tr:w-1100,h-1594,c-at_max,pr-true,q-88/a6-owc9pq/pv/45/19/31/ed91baeab8430d34c601f95f7d.png;;;;;;;;;;Ambiente Demonstrativo
;544588;;;;;;;;;;;
;544588;;;;;;;;;;;
;544588;;;;;;;;;;;
;544588;;;;;;;;;;;
;544588;;;;;;;;;;;
;544588;;;;;;;;;;;
544587;;https://adaptive-images.uooucdn.com.br/tr:w-1100,h-1594,c-at_max,pr-true,q-88/a6-owc9pq/pv/c0/ab/96/8b2a342bc2d3b704abe8b3f940.png;https://adaptive-images.uooucdn.com.br/tr:w-1100,h-1594,c-at_max,pr-true,q-88/a6-owc9pq/pv/78/d2/24/c97148818d506e330e7b5a12be.png;;;;;;;;;Ambiente Demonstrativo
;544587;;;;;;;;;;;
;544587;;;;;;;;;;;
;544587;;;;;;;;;;;
544586;;https://adaptive-images.uooucdn.com.br/tr:w-1100,h-1594,c-at_max,pr-true,q-88/a6-owc9pq/pv/fa/93/e4/58bd43e3d73da5b7b8ec666736.png;https://adaptive-images.uooucdn.com.br/tr:w-1100,h-1594,c-at_max,pr-true,q-88/a6-owc9pq/pv/53/05/4c/ceab72bc6e9954e0cd7a956682.png;;;;;;;;;Ambiente Demonstrativo
;544586;;;;;;;;;;;
;544586;;;;;;;;;;;
;544586;;;;;;;;;;;
544585;;https://adaptive-images.uooucdn.com.br/tr:w-1100,h-1594,c-at_max,pr-true,q-88/a6-owc9pq/pv/c0/94/25/f05b115ac9ff42a965cca709cb.png;https://adaptive-images.uooucdn.com.br/tr:w-1100,h-1594,c-at_max,pr-true,q-88/a6-owc9pq/pv/60/61/49/c5fd1e54527b53f139800d3960.png;;;;;;;;;Ambiente Demonstrativo
;544585;;;;;;;;;;;
;544585;;;;;;;;;;;
;544585;;;;;;;;;;;
544584;;https://adaptive-images.uooucdn.com.br/tr:w-1100,h-1594,c-at_max,pr-true,q-88/a6-owc9pq/pv/97/e3/1e/4d4fa1d8c45ee1cba180d15d2e.jpg;;;;;;;;;;Ambiente Demonstrativo
302082;;https://adaptive-images.uooucdn.com.br/tr:w-1100,h-1594,c-at_max,pr-true,q-88/a6-owc9pq/pv/d2/83/ac/fa3eccc7876a3e6f2ee221c443.jpg;https://adaptive-images.uooucdn.com.br/tr:w-1100,h-1594,c-at_max,pr-true,q-88/a6-owc9pq/pv/5f/06/b4/e2d5c41ccb3853ce2bf791e30d.jpg;https://adaptive-images.uooucdn.com.br/tr:w-1100,h-1594,c-at_max,pr-true,q-88/a6-owc9pq/pv/6f/b3/91/8950e224f299f23a4ff5107b1d.jpg;https://adaptive-images.uooucdn.com.br/tr:w-1100,h-1594,c-at_max,pr-true,q-88/a6-owc9pq/pv/bf/62/19/139eedf779ebd21b5e1af09652.jpg;;;;;;;Ambiente Demonstrativo
;302082;;;;;;;;;;;
302081;;https://adaptive-images.uooucdn.com.br/tr:w-1100,h-1594,c-at_max,pr-true,q-88/a6-owc9pq/pv/d4/75/7b/109c4bb2ebd6f5430a1b675ca1.jpg;https://adaptive-images.uooucdn.com.br/tr:w-1100,h-1594,c-at_max,pr-true,q-88/a6-owc9pq/pv/6f/d9/ca/e3f844526bf1390f9473134e3d.jpg;https://adaptive-images.uooucdn.com.br/tr:w-1100,h-1594,c-at_max,pr-true,q-88/a6-owc9pq/pv/db/2a/a2/9a8d19fc34ed69ed7f986c79bb.jpg;https://adaptive-images.uooucdn.com.br/tr:w-1100,h-1594,c-at_max,pr-true,q-88/a6-owc9pq/pv/f0/b4/74/de26cb27edbdd6c23c290a2902.jpg;https://adaptive-images.uooucdn.com.br/tr:w-1100,h-1594,c-at_max,pr-true,q-88/a6-owc9pq/pv/6b/97/ec/08ce05e774d8d1aa686e5c7797.jpg;https://adaptive-images.uooucdn.com.br/tr:w-1100,h-1594,c-at_max,pr-true,q-88/a6-owc9pq/pv/f5/ab/3e/28179a32b46c08b76387b2b146.jpg;;;;;Ambiente Demonstrativo
;302081;;;;;;;;;;;
302078;;https://adaptive-images.uooucdn.com.br/tr:w-1100,h-1594,c-at_max,pr-true,q-88/a6-owc9pq/pv/17/05/07/d1af88e546f614a8111aedd921.jpg;https://adaptive-images.uooucdn.com.br/tr:w-1100,h-1594,c-at_max,pr-true,q-88/a6-owc9pq/pv/fd/d6/60/8dc5adfac3867e5f6e922a731c.jpg;https://adaptive-images.uooucdn.com.br/tr:w-1100,h-1594,c-at_max,pr-true,q-88/a6-owc9pq/pv/a8/f7/11/34d8682f453a04b5075003c510.jpg;https://adaptive-images.uooucdn.com.br/tr:w-1100,h-1594,c-at_max,pr-true,q-88/a6-owc9pq/pv/f6/13/2c/0e5ca7c2edf2170aa0dd2baac2.jpg;https://adaptive-images.uooucdn.com.br/tr:w-1100,h-1594,c-at_max,pr-true,q-88/a6-owc9pq/pv/c7/1b/a3/4c2c48f11eb61a5f2e5c769cb2.jpg;https://adaptive-images.uooucdn.com.br/tr:w-1100,h-1594,c-at_max,pr-true,q-88/a6-owc9pq/pv/2e/80/61/192e4a24b3ef8842af92defd9f.jpg;;;;;Ambiente Demonstrativo
;302078;;;;;;;;;;;
;302078;;;;;;;;;;;
302077;;https://adaptive-images.uooucdn.com.br/tr:w-1100,h-1594,c-at_max,pr-true,q-88/a6-owc9pq/pv/ed/aa/3b/d47da0dd0c27a92545edc8d9e3.jpg;https://adaptive-images.uooucdn.com.br/tr:w-1100,h-1594,c-at_max,pr-true,q-88/a6-owc9pq/pv/2b/ba/32/f9149ddf91c9c8606a3d3ed04d.jpg;https://adaptive-images.uooucdn.com.br/tr:w-1100,h-1594,c-at_max,pr-true,q-88/a6-owc9pq/pv/5e/80/ad/bf57f7eb6a81fde2467cf2e5c8.jpg;https://adaptive-images.uooucdn.com.br/tr:w-1100,h-1594,c-at_max,pr-true,q-88/a6-owc9pq/pv/03/4c/47/1097d7232e3a384631395bbed6.jpg;https://adaptive-images.uooucdn.com.br/tr:w-1100,h-1594,c-at_max,pr-true,q-88/a6-owc9pq/pv/fa/09/69/d896628fb7f4e885bdb33f987f.jpg;;;;;;Ambiente Demonstrativo
;302077;;;;;;;;;;;
302076;;https://adaptive-images.uooucdn.com.br/tr:w-1100,h-1594,c-at_max,pr-true,q-88/a6-owc9pq/pv/3f/75/6c/9dcfed2d7c8b0f97a7bc9597c0.jpg;https://adaptive-images.uooucdn.com.br/tr:w-1100,h-1594,c-at_max,pr-true,q-88/a6-owc9pq/pv/44/0f/47/5d84b460fa7b615e51d0288c1d.jpg;https://adaptive-images.uooucdn.com.br/tr:w-1100,h-1594,c-at_max,pr-true,q-88/a6-owc9pq/pv/9b/9d/e0/aafd9395776b2d7c73d2f5ea49.jpg;https://adaptive-images.uooucdn.com.br/tr:w-1100,h-1594,c-at_max,pr-true,q-88/a6-owc9pq/pv/c9/07/5e/afc17ed0a88ecc007739f0f9b8.jpg;https://adaptive-images.uooucdn.com.br/tr:w-1100,h-1594,c-at_max,pr-true,q-88/a6-owc9pq/pv/9b/8c/1a/442d1742965e166526d97cf931.jpg;;;;;;Ambiente Demonstrativo
;302076;;;;;;;;;;;
302075;;https://adaptive-images.uooucdn.com.br/tr:w-1100,h-1594,c-at_max,pr-true,q-88/a6-owc9pq/pv/f3/7e/a9/704e0a0396225d454d750cc13a.jpg;https://adaptive-images.uooucdn.com.br/tr:w-1100,h-1594,c-at_max,pr-true,q-88/a6-owc9pq/pv/62/8a/a1/477fd193306f00e9ae578986ab.jpg;https://adaptive-images.uooucdn.com.br/tr:w-1100,h-1594,c-at_max,pr-true,q-88/a6-owc9pq/pv/09/39/c3/581c80275ba0e341b4ad9777b2.jpg;https://adaptive-images.uooucdn.com.br/tr:w-1100,h-1594,c-at_max,pr-true,q-88/a6-owc9pq/pv/1d/33/bd/35414b13bb189fde4a730ebf6d.jpg;https://adaptive-images.uooucdn.com.br/tr:w-1100,h-1594,c-at_max,pr-true,q-88/a6-owc9pq/pv/82/b1/8f/e33759c3359070d991c2b4acb1.jpg;;;;;;Ambiente Demonstrativo
;302075;;;;;;;;;;;
302074;;https://adaptive-images.uooucdn.com.br/tr:w-1100,h-1594,c-at_max,pr-true,q-88/a6-owc9pq/pv/a5/38/dc/639d1aa0ca336f8867c24ab6ae.jpg;https://adaptive-images.uooucdn.com.br/tr:w-1100,h-1594,c-at_max,pr-true,q-88/a6-owc9pq/pv/09/da/cc/f4f3c895e40ed50fe7a602232e.jpg;https://adaptive-images.uooucdn.com.br/tr:w-1100,h-1594,c-at_max,pr-true,q-88/a6-owc9pq/pv/4b/36/76/344bf636c47970065e704565de.jpg;https://adaptive-images.uooucdn.com.br/tr:w-1100,h-1594,c-at_max,pr-true,q-88/a6-owc9pq/pv/61/d0/a7/9a82b378205cbb14e29f17457f.jpg;https://adaptive-images.uooucdn.com.br/tr:w-1100,h-1594,c-at_max,pr-true,q-88/a6-owc9pq/pv/79/6d/15/862b2fcb50f930bfa9ff95bc4a.jpg;;;;;;Ambiente Demonstrativo
;302074;;;;;;;;;;;
302073;;https://adaptive-images.uooucdn.com.br/tr:w-1100,h-1594,c-at_max,pr-true,q-88/a6-owc9pq/pv/ac/35/4b/95781b3ff25884e3361a283f00.jpg;https://adaptive-images.uooucdn.com.br/tr:w-1100,h-1594,c-at_max,pr-true,q-88/a6-owc9pq/pv/a1/f0/1e/036aadc04c7f40031e03d944c3.jpg;https://adaptive-images.uooucdn.com.br/tr:w-1100,h-1594,c-at_max,pr-true,q-88/a6-owc9pq/pv/a1/3f/d7/039e3ec1e2eba276dfdbf6c949.jpg;https://adaptive-images.uooucdn.com.br/tr:w-1100,h-1594,c-at_max,pr-true,q-88/a6-owc9pq/pv/72/3a/c7/36cb5f27edf9918b4e929d8374.jpg;;;;;;;Ambiente Demonstrativo
;302073;;;;;;;;;;;
302072;;https://adaptive-images.uooucdn.com.br/tr:w-1100,h-1594,c-at_max,pr-true,q-88/a6-owc9pq/pv/9c/8f/9f/762d4ac61465bc7e27c28b0171.jpg;https://adaptive-images.uooucdn.com.br/tr:w-1100,h-1594,c-at_max,pr-true,q-88/a6-owc9pq/pv/91/58/44/3e5d3fe973bc04b776683ea81c.jpg;https://adaptive-images.uooucdn.com.br/tr:w-1100,h-1594,c-at_max,pr-true,q-88/a6-owc9pq/pv/c3/49/2c/12e8770d39c8ff1c49a87a765b.jpg;https://adaptive-images.uooucdn.com.br/tr:w-1100,h-1594,c-at_max,pr-true,q-88/a6-owc9pq/pv/20/17/25/a86a9611f767c7d016b3069ec8.jpg;;;;;;;Ambiente Demonstrativo
;302072;;;;;;;;;;;
302071;;https://adaptive-images.uooucdn.com.br/tr:w-1100,h-1594,c-at_max,pr-true,q-88/a6-owc9pq/pv/0f/fa/2a/d4a51de5956ef433f091f68ac8.jpg;https://adaptive-images.uooucdn.com.br/tr:w-1100,h-1594,c-at_max,pr-true,q-88/a6-owc9pq/pv/21/50/a3/114ae2e29c1ffecce575ee29ac.jpg;https://adaptive-images.uooucdn.com.br/tr:w-1100,h-1594,c-at_max,pr-true,q-88/a6-owc9pq/pv/6b/95/88/f0c42901ee0f2935ea8dbbd8f0.jpg;https://adaptive-images.uooucdn.com.br/tr:w-1100,h-1594,c-at_max,pr-true,q-88/a6-owc9pq/pv/13/be/09/dbb2c6dc2559f354bb05b5138a.jpg;https://adaptive-images.uooucdn.com.br/tr:w-1100,h-1594,c-at_max,pr-true,q-88/a6-owc9pq/pv/06/a6/34/04e4e404aaf73bb66457eea591.jpg;;;;;;Ambiente Demonstrativo
;302071;;;;;;;;;;;
302070;;https://adaptive-images.uooucdn.com.br/tr:w-1100,h-1594,c-at_max,pr-true,q-88/a6-owc9pq/pv/4a/5d/1f/b43a9785d436cdbb1e3cbe3b18.jpg;https://adaptive-images.uooucdn.com.br/tr:w-1100,h-1594,c-at_max,pr-true,q-88/a6-owc9pq/pv/33/57/2c/b63016de4d8e99716fbe0d3fc3.jpg;https://adaptive-images.uooucdn.com.br/tr:w-1100,h-1594,c-at_max,pr-true,q-88/a6-owc9pq/pv/af/35/33/5af61ead68e765d3152a54133a.jpg;https://adaptive-images.uooucdn.com.br/tr:w-1100,h-1594,c-at_max,pr-true,q-88/a6-owc9pq/pv/fe/b3/03/658df4b49a2d2d6c3edfccd316.jpg;https://adaptive-images.uooucdn.com.br/tr:w-1100,h-1594,c-at_max,pr-true,q-88/a6-owc9pq/pv/16/c8/56/e3929cb812b67d403bdc7a7a3e.jpg;;;;;;Ambiente Demonstrativo
;302070;;;;;;;;;;;
302069;;https://adaptive-images.uooucdn.com.br/tr:w-1100,h-1594,c-at_max,pr-true,q-88/a6-owc9pq/pv/36/fa/7c/b0b58fa93e48745fc6f0f7e81b.jpg;https://adaptive-images.uooucdn.com.br/tr:w-1100,h-1594,c-at_max,pr-true,q-88/a6-owc9pq/pv/08/54/22/1faa40c43fa611e2b224a83f7c.jpg;https://adaptive-images.uooucdn.com.br/tr:w-1100,h-1594,c-at_max,pr-true,q-88/a6-owc9pq/pv/b4/62/11/07693ffee5f3f70577aabddee1.jpg;;;;;;;;Ambiente Demonstrativo
;302069;;;;;;;;;;;
302068;;https://adaptive-images.uooucdn.com.br/tr:w-1100,h-1594,c-at_max,pr-true,q-88/a6-owc9pq/pv/5d/25/87/527c35b809c8576aff3ac26071.jpg;https://adaptive-images.uooucdn.com.br/tr:w-1100,h-1594,c-at_max,pr-true,q-88/a6-owc9pq/pv/bc/13/38/8be680c7d3efe3845c51c0d2e6.jpg;https://adaptive-images.uooucdn.com.br/tr:w-1100,h-1594,c-at_max,pr-true,q-88/a6-owc9pq/pv/fa/09/3c/af66a6b7fb9998a666539a120c.jpg;https://adaptive-images.uooucdn.com.br/tr:w-1100,h-1594,c-at_max,pr-true,q-88/a6-owc9pq/pv/b1/4e/d5/050899935ef82780c7f69a9da5.jpg;;;;;;;Ambiente Demonstrativo
;302068;;;;;;;;;;;
302067;;https://adaptive-images.uooucdn.com.br/tr:w-1100,h-1594,c-at_max,pr-true,q-88/a6-owc9pq/pv/56/82/fd/3a455a8d43c0794f633928a662.jpg;https://adaptive-images.uooucdn.com.br/tr:w-1100,h-1594,c-at_max,pr-true,q-88/a6-owc9pq/pv/b7/4b/f1/22238ee685a135ca5b080d4eb7.jpg;https://adaptive-images.uooucdn.com.br/tr:w-1100,h-1594,c-at_max,pr-true,q-88/a6-owc9pq/pv/85/64/1f/56df98bb76dbf33eff601009c2.jpg;https://adaptive-images.uooucdn.com.br/tr:w-1100,h-1594,c-at_max,pr-true,q-88/a6-owc9pq/pv/c0/f9/cf/1e919b887d873ca98a522e2b19.jpg;;;;;;;Ambiente Demonstrativo
;302067;;;;;;;;;;;
302066;;https://adaptive-images.uooucdn.com.br/tr:w-1100,h-1594,c-at_max,pr-true,q-88/a6-owc9pq/pv/84/07/0a/3880cfd2f0c8d8f4ba87454544.jpg;https://adaptive-images.uooucdn.com.br/tr:w-1100,h-1594,c-at_max,pr-true,q-88/a6-owc9pq/pv/38/42/20/4ddef0c367882a3c1178f60486.jpg;https://adaptive-images.uooucdn.com.br/tr:w-1100,h-1594,c-at_max,pr-true,q-88/a6-owc9pq/pv/97/04/d2/77d4a46493db1d900c86d3daed.jpg;https://adaptive-images.uooucdn.com.br/tr:w-1100,h-1594,c-at_max,pr-true,q-88/a6-owc9pq/pv/21/30/81/6770a452666b38a2e33132de0e.jpg;https://adaptive-images.uooucdn.com.br/tr:w-1100,h-1594,c-at_max,pr-true,q-88/a6-owc9pq/pv/7a/e7/9c/38fd96260ef5ba2484975c5065.jpg;;;;;;Ambiente Demonstrativo
;302066;;;;;;;;;;;
302065;;https://adaptive-images.uooucdn.com.br/tr:w-1100,h-1594,c-at_max,pr-true,q-88/a6-owc9pq/pv/54/59/ca/eeba5f6d089be8b674f5d08577.jpg;https://adaptive-images.uooucdn.com.br/tr:w-1100,h-1594,c-at_max,pr-true,q-88/a6-owc9pq/pv/1b/f3/a0/a6e49242668440169bd51330f8.jpg;https://adaptive-images.uooucdn.com.br/tr:w-1100,h-1594,c-at_max,pr-true,q-88/a6-owc9pq/pv/1f/d9/aa/eea5096df886e1fc55aeb964f6.jpg;;;;;;;;Ambiente Demonstrativo
;302065;;;;;;;;;;;
302064;;https://adaptive-images.uooucdn.com.br/tr:w-1100,h-1594,c-at_max,pr-true,q-88/a6-owc9pq/pv/63/cb/64/564d4cc046b3fb57a5d0c2a508.jpg;https://adaptive-images.uooucdn.com.br/tr:w-1100,h-1594,c-at_max,pr-true,q-88/a6-owc9pq/pv/92/33/5c/2533f4347ff6cf02300927f0a0.jpg;https://adaptive-images.uooucdn.com.br/tr:w-1100,h-1594,c-at_max,pr-true,q-88/a6-owc9pq/pv/49/85/7c/9f5ee77cd688db82e0e1bc1e4f.jpg;;;;;;;;Ambiente Demonstrativo
;302064;;;;;;;;;;;
302063;;https://adaptive-images.uooucdn.com.br/tr:w-1100,h-1594,c-at_max,pr-true,q-88/a6-owc9pq/pv/73/3c/f6/9940547d8a82886bf38aaf6667.jpg;https://adaptive-images.uooucdn.com.br/tr:w-1100,h-1594,c-at_max,pr-true,q-88/a6-owc9pq/pv/16/66/74/e5385a5b903453ec3b3e119e59.jpg;https://adaptive-images.uooucdn.com.br/tr:w-1100,h-1594,c-at_max,pr-true,q-88/a6-owc9pq/pv/79/c0/6c/c357e75d87e2814daf0bb41069.jpg;https://adaptive-images.uooucdn.com.br/tr:w-1100,h-1594,c-at_max,pr-true,q-88/a6-owc9pq/pv/3e/2c/2b/e4b817cf9435ace1da3b7318fd.jpg;;;;;;;Ambiente Demonstrativo
;302063;;;;;;;;;;;
302062;;https://adaptive-images.uooucdn.com.br/tr:w-1100,h-1594,c-at_max,pr-true,q-88/a6-owc9pq/pv/40/1d/8f/b78fafa2717934ad435f3fb52b.jpg;https://adaptive-images.uooucdn.com.br/tr:w-1100,h-1594,c-at_max,pr-true,q-88/a6-owc9pq/pv/8c/c3/e2/df215f508cf3b7da750b4c81a0.jpg;https://adaptive-images.uooucdn.com.br/tr:w-1100,h-1594,c-at_max,pr-true,q-88/a6-owc9pq/pv/ad/b0/8b/0448e180ea82197df2c6b6a31b.jpg;https://adaptive-images.uooucdn.com.br/tr:w-1100,h-1594,c-at_max,pr-true,q-88/a6-owc9pq/pv/5b/7f/e6/40e51edf19b61ced6c3c2a7a31.jpg;;;;;;;Ambiente Demonstrativo
;302062;;;;;;;;;;;
302061;;https://adaptive-images.uooucdn.com.br/tr:w-1100,h-1594,c-at_max,pr-true,q-88/a6-owc9pq/pv/e9/21/0f/24106a268c96f6d68437fa8fdf.jpg;https://adaptive-images.uooucdn.com.br/tr:w-1100,h-1594,c-at_max,pr-true,q-88/a6-owc9pq/pv/58/00/a0/4781d528196da962c2fa7e2d86.jpg;;;;;;;;;Ambiente Demonstrativo
;302061;;;;;;;;;;;
302060;;https://adaptive-images.uooucdn.com.br/tr:w-1100,h-1594,c-at_max,pr-true,q-88/a6-owc9pq/pv/71/49/f5/4f5959cbd3766cd85bce03cbf7.jpg;https://adaptive-images.uooucdn.com.br/tr:w-1100,h-1594,c-at_max,pr-true,q-88/a6-owc9pq/pv/5d/d0/b4/b654545ff4529c4f3f62ad900e.jpg;;;;;;;;;Ambiente Demonstrativo
;302060;;;;;;;;;;;
302059;;https://adaptive-images.uooucdn.com.br/tr:w-1100,h-1594,c-at_max,pr-true,q-88/a6-owc9pq/pv/a3/f1/dc/27c000ef3165a7db51ec9f24cd.jpg;https://adaptive-images.uooucdn.com.br/tr:w-1100,h-1594,c-at_max,pr-true,q-88/a6-owc9pq/pv/93/3a/2c/64af8f66b64148aa0d1c2e6a5d.jpg;;;;;;;;;Ambiente Demonstrativo
;302059;;;;;;;;;;;
302058;;https://adaptive-images.uooucdn.com.br/tr:w-1100,h-1594,c-at_max,pr-true,q-88/a6-owc9pq/pv/7c/2f/c8/d3ee0ea1049696713e34c5b91c.jpg;https://adaptive-images.uooucdn.com.br/tr:w-1100,h-1594,c-at_max,pr-true,q-88/a6-owc9pq/pv/d8/e5/11/06c62990c13b831fc7bc221d8a.jpg;https://adaptive-images.uooucdn.com.br/tr:w-1100,h-1594,c-at_max,pr-true,q-88/a6-owc9pq/pv/42/cd/90/829a489f6634f5044cd3236f8a.jpg;https://adaptive-images.uooucdn.com.br/tr:w-1100,h-1594,c-at_max,pr-true,q-88/a6-owc9pq/pv/76/f0/6c/4a952b178a0c24eb76d4bc1c66.jpg;;;;;;;Ambiente Demonstrativo
;302058;;;;;;;;;;;
302057;;https://adaptive-images.uooucdn.com.br/tr:w-1100,h-1594,c-at_max,pr-true,q-88/a6-owc9pq/pv/58/89/74/fa3a092f21aed7dc02928ffb61.jpg;https://adaptive-images.uooucdn.com.br/tr:w-1100,h-1594,c-at_max,pr-true,q-88/a6-owc9pq/pv/a0/23/73/b573f6574d9353a142f0143124.jpg;https://adaptive-images.uooucdn.com.br/tr:w-1100,h-1594,c-at_max,pr-true,q-88/a6-owc9pq/pv/6c/3a/1d/d092a58205c2bbb9d6c93507f7.jpg;https://adaptive-images.uooucdn.com.br/tr:w-1100,h-1594,c-at_max,pr-true,q-88/a6-owc9pq/pv/43/23/c7/a01f337790ac290e1d20a44299.jpg;;;;;;;Ambiente Demonstrativo
;302057;;;;;;;;;;;
302056;;https://adaptive-images.uooucdn.com.br/tr:w-1100,h-1594,c-at_max,pr-true,q-88/a6-owc9pq/pv/88/58/bf/f7bb59c9117fba3eb711c72faf.jpg;https://adaptive-images.uooucdn.com.br/tr:w-1100,h-1594,c-at_max,pr-true,q-88/a6-owc9pq/pv/69/a9/1f/9ab5514b2811e6ce1ca1412770.jpg;https://adaptive-images.uooucdn.com.br/tr:w-1100,h-1594,c-at_max,pr-true,q-88/a6-owc9pq/pv/d7/de/37/3cf8248a368ef7d9dfd67e8bbf.jpg;https://adaptive-images.uooucdn.com.br/tr:w-1100,h-1594,c-at_max,pr-true,q-88/a6-owc9pq/pv/f9/c4/7b/72bbc896c24f0bd75d3f7ef882.jpg;;;;;;;Ambiente Demonstrativo
;302056;;;;;;;;;;;
302055;;https://adaptive-images.uooucdn.com.br/tr:w-1100,h-1594,c-at_max,pr-true,q-88/a6-owc9pq/pv/4a/ff/d5/31c5fe3ffe0115f4d0cc167bf4.jpg;https://adaptive-images.uooucdn.com.br/tr:w-1100,h-1594,c-at_max,pr-true,q-88/a6-owc9pq/pv/01/fc/79/9b96ad38f62a63fc637719679d.jpg;;;;;;;;;Ambiente Demonstrativo
;302055;;;;;;;;;;;
302054;;https://adaptive-images.uooucdn.com.br/tr:w-1100,h-1594,c-at_max,pr-true,q-88/a6-owc9pq/pv/79/73/6a/5aed23a37361f41cc06323d344.jpg;https://adaptive-images.uooucdn.com.br/tr:w-1100,h-1594,c-at_max,pr-true,q-88/a6-owc9pq/pv/7c/59/e2/ef4960a843f1ea5add8ed2c667.jpg;;;;;;;;;Ambiente Demonstrativo
;302054;;;;;;;;;;;
302053;;https://adaptive-images.uooucdn.com.br/tr:w-1100,h-1594,c-at_max,pr-true,q-88/a6-owc9pq/pv/68/78/2a/5f89ca307253456e2021d53ba2.jpg;https://adaptive-images.uooucdn.com.br/tr:w-1100,h-1594,c-at_max,pr-true,q-88/a6-owc9pq/pv/89/18/ca/7ffa1b2c9fb7ce60e41218e131.jpg;;;;;;;;;Ambiente Demonstrativo
;302053;;;;;;;;;;;
302052;;https://adaptive-images.uooucdn.com.br/tr:w-1100,h-1594,c-at_max,pr-true,q-88/a6-owc9pq/pv/25/48/95/c50d30b02883da6febb4c1359b.jpg;https://adaptive-images.uooucdn.com.br/tr:w-1100,h-1594,c-at_max,pr-true,q-88/a6-owc9pq/pv/da/c2/9f/51f40f407200a6800b4d3f8385.jpg;;;;;;;;;Ambiente Demonstrativo
;302052;;;;;;;;;;;
302051;;https://adaptive-images.uooucdn.com.br/tr:w-1100,h-1594,c-at_max,pr-true,q-88/a6-owc9pq/pv/1d/c9/06/9d9235c20ebb489e85b488be74.jpg;https://adaptive-images.uooucdn.com.br/tr:w-1100,h-1594,c-at_max,pr-true,q-88/a6-owc9pq/pv/7f/cd/e8/a6f64e674aee975fbcbcdab936.jpg;;;;;;;;;Ambiente Demonstrativo
;302051;;;;;;;;;;;
302045;;https://adaptive-images.uooucdn.com.br/tr:w-1100,h-1594,c-at_max,pr-true,q-88/a6-owc9pq/pv/4c/cd/f6/5713a9050aaab84af6d1ffe0d1.jpg;https://adaptive-images.uooucdn.com.br/tr:w-1100,h-1594,c-at_max,pr-true,q-88/a6-owc9pq/pv/32/dc/ce/37c7d5061f10215e40305edf6f.jpg;https://adaptive-images.uooucdn.com.br/tr:w-1100,h-1594,c-at_max,pr-true,q-88/a6-owc9pq/pv/ef/59/71/10b0ee5713de491774665c5768.jpg;;;;;;;;Ambiente Demonstrativo
;302045;;;;;;;;;;;
;302045;;;;;;;;;;;
;302045;;;;;;;;;;;
;302045;;;;;;;;;;;
;302045;;;;;;;;;;;
;302045;;;;;;;;;;;
302042;;https://adaptive-images.uooucdn.com.br/tr:w-1100,h-1594,c-at_max,pr-true,q-88/a6-owc9pq/pv/eb/77/98/b5e7a92423b190189c0ec65e80.jpg;https://adaptive-images.uooucdn.com.br/tr:w-1100,h-1594,c-at_max,pr-true,q-88/a6-owc9pq/pv/7f/3a/0c/86dd39d5d558605f3774bdb873.jpg;https://adaptive-images.uooucdn.com.br/tr:w-1100,h-1594,c-at_max,pr-true,q-88/a6-owc9pq/pv/5a/7c/61/905131afc5e5fc189dc9e42cb9.jpg;;;;;;;;Ambiente Demonstrativo
;302042;;;;;;;;;;;
;302042;;;;;;;;;;;
;302042;;;;;;;;;;;
;302042;;;;;;;;;;;
;302042;;;;;;;;;;;
;302042;;;;;;;;;;;
302041;;https://adaptive-images.uooucdn.com.br/tr:w-1100,h-1594,c-at_max,pr-true,q-88/a6-owc9pq/pv/4d/e7/d7/b84920c07b53e4a072ff3af05a.jpg;https://adaptive-images.uooucdn.com.br/tr:w-1100,h-1594,c-at_max,pr-true,q-88/a6-owc9pq/pv/74/5f/ec/e20afe1c95262333f6ac5a24f0.jpg;https://adaptive-images.uooucdn.com.br/tr:w-1100,h-1594,c-at_max,pr-true,q-88/a6-owc9pq/pv/86/73/39/25a9bd07d36fbd3cffc25f3879.jpg;;;;;;;;Ambiente Demonstrativo
302041-PP;302041;;;;;;;;;;;
302041-P;302041;;;;;;;;;;;
302041-M;302041;;;;;;;;;;;
302041-G;302041;;;;;;;;;;;
302041-GG;302041;;;;;;;;;;;
302041-XG;302041;;;;;;;;;;;
302040;;https://adaptive-images.uooucdn.com.br/tr:w-1100,h-1594,c-at_max,pr-true,q-88/a6-owc9pq/pv/97/ae/0c/e2b2e0ebe993b3033618473a53.jpg;https://adaptive-images.uooucdn.com.br/tr:w-1100,h-1594,c-at_max,pr-true,q-88/a6-owc9pq/pv/7d/7f/bf/cf77451c56b2bd013dd17ef1b4.jpg;https://adaptive-images.uooucdn.com.br/tr:w-1100,h-1594,c-at_max,pr-true,q-88/a6-owc9pq/pv/c7/11/35/263c28786e83b620ddd522b233.jpg;;;;;;;;Ambiente Demonstrativo
;302040;;;;;;;;;;;
;302040;;;;;;;;;;;
;302040;;;;;;;;;;;
;302040;;;;;;;;;;;
;302040;;;;;;;;;;;
;302040;;;;;;;;;;;
302039;;https://adaptive-images.uooucdn.com.br/tr:w-1100,h-1594,c-at_max,pr-true,q-88/a6-owc9pq/pv/4d/9c/b7/a4d0c98b25d232013b06740acd.jpg;https://adaptive-images.uooucdn.com.br/tr:w-1100,h-1594,c-at_max,pr-true,q-88/a6-owc9pq/pv/67/27/61/a53632b88c4a091de8c36dbbc2.jpg;https://adaptive-images.uooucdn.com.br/tr:w-1100,h-1594,c-at_max,pr-true,q-88/a6-owc9pq/pv/4a/88/1d/0521cd75c7c9d023c5338e4bca.jpg;;;;;;;;Ambiente Demonstrativo
;302039;;;;;;;;;;;
;302039;;;;;;;;;;;
;302039;;;;;;;;;;;
;302039;;;;;;;;;;;
;302039;;;;;;;;;;;
;302039;;;;;;;;;;;
302038;;https://adaptive-images.uooucdn.com.br/tr:w-1100,h-1594,c-at_max,pr-true,q-88/a6-owc9pq/pv/3c/99/36/09d4abeb845d432b1d960c5e85.jpg;https://adaptive-images.uooucdn.com.br/tr:w-1100,h-1594,c-at_max,pr-true,q-88/a6-owc9pq/pv/1c/9b/e3/2c94024e84259332add552914e.jpg;https://adaptive-images.uooucdn.com.br/tr:w-1100,h-1594,c-at_max,pr-true,q-88/a6-owc9pq/pv/a5/2f/a6/f79f3dfa5e2c5668d948b68497.jpg;;;;;;;;Ambiente Demonstrativo
;302038;;;;;;;;;;;
;302038;;;;;;;;;;;
;302038;;;;;;;;;;;
;302038;;;;;;;;;;;
;302038;;;;;;;;;;;
;302038;;;;;;;;;;;
302037;;https://adaptive-images.uooucdn.com.br/tr:w-1100,h-1594,c-at_max,pr-true,q-88/a6-owc9pq/pv/71/a5/cc/f396446a218dc8b4d753f0c4f5.jpg;https://adaptive-images.uooucdn.com.br/tr:w-1100,h-1594,c-at_max,pr-true,q-88/a6-owc9pq/pv/04/8b/7a/de11cf20339edac5164a2ff88f.jpg;https://adaptive-images.uooucdn.com.br/tr:w-1100,h-1594,c-at_max,pr-true,q-88/a6-owc9pq/pv/a3/90/8b/d4fa1a8a4a7e03d9fa38028717.jpg;;;;;;;;Ambiente Demonstrativo
;302037;;;;;;;;;;;
;302037;;;;;;;;;;;
;302037;;;;;;;;;;;
;302037;;;;;;;;;;;
;302037;;;;;;;;;;;
;302037;;;;;;;;;;;
302036;;https://adaptive-images.uooucdn.com.br/tr:w-1100,h-1594,c-at_max,pr-true,q-88/a6-owc9pq/pv/da/2c/f0/2617b5324d3ad03f6597d41329.jpg;https://adaptive-images.uooucdn.com.br/tr:w-1100,h-1594,c-at_max,pr-true,q-88/a6-owc9pq/pv/02/2d/07/091f773e6b715508bea04e63cc.jpg;https://adaptive-images.uooucdn.com.br/tr:w-1100,h-1594,c-at_max,pr-true,q-88/a6-owc9pq/pv/af/bd/5d/a8d8d65c72be9cbbe2ca68475f.jpg;;;;;;;;Ambiente Demonstrativo
;302036;;;;;;;;;;;
;302036;;;;;;;;;;;
;302036;;;;;;;;;;;
;302036;;;;;;;;;;;
;302036;;;;;;;;;;;
;302036;;;;;;;;;;;
302035;;https://adaptive-images.uooucdn.com.br/tr:w-1100,h-1594,c-at_max,pr-true,q-88/a6-owc9pq/pv/c6/9e/45/14e93536fec7c71ec4f2ed6322.jpg;https://adaptive-images.uooucdn.com.br/tr:w-1100,h-1594,c-at_max,pr-true,q-88/a6-owc9pq/pv/de/93/6b/b1068edcbf04ce44d53319f795.jpg;;;;;;;;;Ambiente Demonstrativo
;302035;;;;;;;;;;;
;302035;;;;;;;;;;;
;302035;;;;;;;;;;;
;302035;;;;;;;;;;;
;302035;;;;;;;;;;;
;302035;;;;;;;;;;;
;302035;;;;;;;;;;;
;302035;;;;;;;;;;;
;302035;;;;;;;;;;;
;302035;;;;;;;;;;;
302034;;https://adaptive-images.uooucdn.com.br/tr:w-1100,h-1594,c-at_max,pr-true,q-88/a6-owc9pq/pv/68/3e/78/6b2209b796dc485bb9bbc2d2c7.jpg;https://adaptive-images.uooucdn.com.br/tr:w-1100,h-1594,c-at_max,pr-true,q-88/a6-owc9pq/pv/5f/c7/81/62e75c2939e20198e94e82329b.jpg;https://adaptive-images.uooucdn.com.br/tr:w-1100,h-1594,c-at_max,pr-true,q-88/a6-owc9pq/pv/b6/8c/d5/a1b70898d7c56edbf39281895e.jpg;https://adaptive-images.uooucdn.com.br/tr:w-1100,h-1594,c-at_max,pr-true,q-88/a6-owc9pq/pv/fd/37/20/6df39af3d4934299f17846c7f7.jpg;;;;;;;Ambiente Demonstrativo
;302034;;;;;;;;;;;
;302034;;;;;;;;;;;
;302034;;;;;;;;;;;
;302034;;;;;;;;;;;
;302034;;;;;;;;;;;
;302034;;;;;;;;;;;
302033;;https://adaptive-images.uooucdn.com.br/tr:w-1100,h-1594,c-at_max,pr-true,q-88/a6-owc9pq/pv/62/2b/e8/fe076b48a5a7186c69f3b622d8.jpg;;;;;;;;;;Ambiente Demonstrativo
;302033;https://adaptive-images.uooucdn.com.br/tr:w-1100,h-1594,c-at_max,pr-true,q-88/a6-owc9pq/pv/a0/6b/b7/e8df62062ce5ace8ed1ac83ac3.jpg;https://adaptive-images.uooucdn.com.br/tr:w-1100,h-1594,c-at_max,pr-true,q-88/a6-owc9pq/pv/ba/0a/15/450753cdaa97052bac41e64bd3.jpg;;;;;;;;;
;302033;https://adaptive-images.uooucdn.com.br/tr:w-1100,h-1594,c-at_max,pr-true,q-88/a6-owc9pq/pv/e9/9e/24/47775c79681bdc62220be548b6.jpg;https://adaptive-images.uooucdn.com.br/tr:w-1100,h-1594,c-at_max,pr-true,q-88/a6-owc9pq/pv/4d/2e/1b/cc49a2098f1cb55f813eaf2192.jpg;https://adaptive-images.uooucdn.com.br/tr:w-1100,h-1594,c-at_max,pr-true,q-88/a6-owc9pq/pv/3b/a3/2d/e87b71da5857b7a246433ff3a0.jpg;;;;;;;;
;302033;https://adaptive-images.uooucdn.com.br/tr:w-1100,h-1594,c-at_max,pr-true,q-88/a6-owc9pq/pv/a0/6b/b7/e8df62062ce5ace8ed1ac83ac3.jpg;https://adaptive-images.uooucdn.com.br/tr:w-1100,h-1594,c-at_max,pr-true,q-88/a6-owc9pq/pv/ba/0a/15/450753cdaa97052bac41e64bd3.jpg;;;;;;;;;
;302033;https://adaptive-images.uooucdn.com.br/tr:w-1100,h-1594,c-at_max,pr-true,q-88/a6-owc9pq/pv/e9/9e/24/47775c79681bdc62220be548b6.jpg;https://adaptive-images.uooucdn.com.br/tr:w-1100,h-1594,c-at_max,pr-true,q-88/a6-owc9pq/pv/4d/2e/1b/cc49a2098f1cb55f813eaf2192.jpg;https://adaptive-images.uooucdn.com.br/tr:w-1100,h-1594,c-at_max,pr-true,q-88/a6-owc9pq/pv/3b/a3/2d/e87b71da5857b7a246433ff3a0.jpg;;;;;;;;
;302033;https://adaptive-images.uooucdn.com.br/tr:w-1100,h-1594,c-at_max,pr-true,q-88/a6-owc9pq/pv/a0/6b/b7/e8df62062ce5ace8ed1ac83ac3.jpg;https://adaptive-images.uooucdn.com.br/tr:w-1100,h-1594,c-at_max,pr-true,q-88/a6-owc9pq/pv/ba/0a/15/450753cdaa97052bac41e64bd3.jpg;;;;;;;;;
;302033;https://adaptive-images.uooucdn.com.br/tr:w-1100,h-1594,c-at_max,pr-true,q-88/a6-owc9pq/pv/e9/9e/24/47775c79681bdc62220be548b6.jpg;https://adaptive-images.uooucdn.com.br/tr:w-1100,h-1594,c-at_max,pr-true,q-88/a6-owc9pq/pv/4d/2e/1b/cc49a2098f1cb55f813eaf2192.jpg;https://adaptive-images.uooucdn.com.br/tr:w-1100,h-1594,c-at_max,pr-true,q-88/a6-owc9pq/pv/3b/a3/2d/e87b71da5857b7a246433ff3a0.jpg;;;;;;;;
;302033;https://adaptive-images.uooucdn.com.br/tr:w-1100,h-1594,c-at_max,pr-true,q-88/a6-owc9pq/pv/a0/6b/b7/e8df62062ce5ace8ed1ac83ac3.jpg;https://adaptive-images.uooucdn.com.br/tr:w-1100,h-1594,c-at_max,pr-true,q-88/a6-owc9pq/pv/ba/0a/15/450753cdaa97052bac41e64bd3.jpg;;;;;;;;;
;302033;https://adaptive-images.uooucdn.com.br/tr:w-1100,h-1594,c-at_max,pr-true,q-88/a6-owc9pq/pv/e9/9e/24/47775c79681bdc62220be548b6.jpg;https://adaptive-images.uooucdn.com.br/tr:w-1100,h-1594,c-at_max,pr-true,q-88/a6-owc9pq/pv/4d/2e/1b/cc49a2098f1cb55f813eaf2192.jpg;https://adaptive-images.uooucdn.com.br/tr:w-1100,h-1594,c-at_max,pr-true,q-88/a6-owc9pq/pv/3b/a3/2d/e87b71da5857b7a246433ff3a0.jpg;;;;;;;;
;302033;https://adaptive-images.uooucdn.com.br/tr:w-1100,h-1594,c-at_max,pr-true,q-88/a6-owc9pq/pv/a0/6b/b7/e8df62062ce5ace8ed1ac83ac3.jpg;https://adaptive-images.uooucdn.com.br/tr:w-1100,h-1594,c-at_max,pr-true,q-88/a6-owc9pq/pv/ba/0a/15/450753cdaa97052bac41e64bd3.jpg;;;;;;;;;
;302033;https://adaptive-images.uooucdn.com.br/tr:w-1100,h-1594,c-at_max,pr-true,q-88/a6-owc9pq/pv/e9/9e/24/47775c79681bdc62220be548b6.jpg;https://adaptive-images.uooucdn.com.br/tr:w-1100,h-1594,c-at_max,pr-true,q-88/a6-owc9pq/pv/4d/2e/1b/cc49a2098f1cb55f813eaf2192.jpg;https://adaptive-images.uooucdn.com.br/tr:w-1100,h-1594,c-at_max,pr-true,q-88/a6-owc9pq/pv/3b/a3/2d/e87b71da5857b7a246433ff3a0.jpg;;;;;;;;
;302033;https://adaptive-images.uooucdn.com.br/tr:w-1100,h-1594,c-at_max,pr-true,q-88/a6-owc9pq/pv/a0/6b/b7/e8df62062ce5ace8ed1ac83ac3.jpg;https://adaptive-images.uooucdn.com.br/tr:w-1100,h-1594,c-at_max,pr-true,q-88/a6-owc9pq/pv/ba/0a/15/450753cdaa97052bac41e64bd3.jpg;;;;;;;;;
;302033;https://adaptive-images.uooucdn.com.br/tr:w-1100,h-1594,c-at_max,pr-true,q-88/a6-owc9pq/pv/e9/9e/24/47775c79681bdc62220be548b6.jpg;https://adaptive-images.uooucdn.com.br/tr:w-1100,h-1594,c-at_max,pr-true,q-88/a6-owc9pq/pv/4d/2e/1b/cc49a2098f1cb55f813eaf2192.jpg;https://adaptive-images.uooucdn.com.br/tr:w-1100,h-1594,c-at_max,pr-true,q-88/a6-owc9pq/pv/3b/a3/2d/e87b71da5857b7a246433ff3a0.jpg;;;;;;;;
302032;;https://adaptive-images.uooucdn.com.br/tr:w-1100,h-1594,c-at_max,pr-true,q-88/a6-owc9pq/pv/05/78/53/9aeba5487cda9dfe2785f32141.jpg;https://adaptive-images.uooucdn.com.br/tr:w-1100,h-1594,c-at_max,pr-true,q-88/a6-owc9pq/pv/5f/b3/33/1dcc8813c4f6c7bca141dc264d.jpg;https://adaptive-images.uooucdn.com.br/tr:w-1100,h-1594,c-at_max,pr-true,q-88/a6-owc9pq/pv/77/42/c3/d3066e0c81ce58ba3c77c48820.jpg;https://adaptive-images.uooucdn.com.br/tr:w-1100,h-1594,c-at_max,pr-true,q-88/a6-owc9pq/pv/4c/f0/97/f52461aac95d6154b4ecb6be05.jpg;;;;;;;Ambiente Demonstrativo
;302032;;;;;;;;;;;
;302032;;;;;;;;;;;
;302032;;;;;;;;;;;
302031;;https://adaptive-images.uooucdn.com.br/tr:w-1100,h-1594,c-at_max,pr-true,q-88/a6-owc9pq/pv/68/5f/62/24c37c0e1a42cb385ad37fd14b.jpg;https://adaptive-images.uooucdn.com.br/tr:w-1100,h-1594,c-at_max,pr-true,q-88/a6-owc9pq/pv/c8/18/87/f332d0d806c6468753a7d53cd4.jpg;https://adaptive-images.uooucdn.com.br/tr:w-1100,h-1594,c-at_max,pr-true,q-88/a6-owc9pq/pv/a4/0c/90/aa7af54d74730da2ef055681b2.jpg;https://adaptive-images.uooucdn.com.br/tr:w-1100,h-1594,c-at_max,pr-true,q-88/a6-owc9pq/pv/fe/43/58/8a803f4a85902d56871107e318.jpg;;;;;;;Ambiente Demonstrativo
;302031;;;;;;;;;;;
;302031;;;;;;;;;;;
;302031;;;;;;;;;;;
302030;;https://adaptive-images.uooucdn.com.br/tr:w-1100,h-1594,c-at_max,pr-true,q-88/a6-owc9pq/pv/b4/d2/09/1c271ce72581711eb8b7604e57.jpg;https://adaptive-images.uooucdn.com.br/tr:w-1100,h-1594,c-at_max,pr-true,q-88/a6-owc9pq/pv/27/15/93/a6a25e1158f36733e0d02cbb85.jpg;https://adaptive-images.uooucdn.com.br/tr:w-1100,h-1594,c-at_max,pr-true,q-88/a6-owc9pq/pv/40/88/31/4f041df4776012baf42a6e46d7.jpg;;;;;;;;Ambiente Demonstrativo
;302030;;;;;;;;;;;
;302030;;;;;;;;;;;
;302030;;;;;;;;;;;
302029;;https://adaptive-images.uooucdn.com.br/tr:w-1100,h-1594,c-at_max,pr-true,q-88/a6-owc9pq/pv/e2/d9/01/764369bdcde409c793f441e085.jpg;https://adaptive-images.uooucdn.com.br/tr:w-1100,h-1594,c-at_max,pr-true,q-88/a6-owc9pq/pv/4b/6f/73/2c4d829c7f48711f3544b1a31c.jpg;https://adaptive-images.uooucdn.com.br/tr:w-1100,h-1594,c-at_max,pr-true,q-88/a6-owc9pq/pv/4f/67/de/4b535aff108fccb79b1af4a852.jpg;;;;;;;;Ambiente Demonstrativo
;302029;;;;;;;;;;;
;302029;;;;;;;;;;;
;302029;;;;;;;;;;;
302028;;https://adaptive-images.uooucdn.com.br/tr:w-1100,h-1594,c-at_max,pr-true,q-88/a6-owc9pq/pv/31/7c/f0/b43415fadc0385a515af1a6fb6.jpg;https://adaptive-images.uooucdn.com.br/tr:w-1100,h-1594,c-at_max,pr-true,q-88/a6-owc9pq/pv/3c/54/e2/37c6f84e1860808406b6dba623.jpg;;;;;;;;;Ambiente Demonstrativo
;302028;;;;;;;;;;;
;302028;;;;;;;;;;;
;302028;;;;;;;;;;;
302027;;https://adaptive-images.uooucdn.com.br/tr:w-1100,h-1594,c-at_max,pr-true,q-88/a6-owc9pq/pv/fa/1f/d1/1e2537afc36cc006f681fcceba.jpg;https://adaptive-images.uooucdn.com.br/tr:w-1100,h-1594,c-at_max,pr-true,q-88/a6-owc9pq/pv/96/3c/e6/e6b208d52def796985df1ffcc3.jpg;https://adaptive-images.uooucdn.com.br/tr:w-1100,h-1594,c-at_max,pr-true,q-88/a6-owc9pq/pv/bf/f4/78/d72bf29452b29ab538ea2aaea9.jpg;;;;;;;;Ambiente Demonstrativo
;302027;;;;;;;;;;;
;302027;;;;;;;;;;;
;302027;;;;;;;;;;;
302026;;https://adaptive-images.uooucdn.com.br/tr:w-1100,h-1594,c-at_max,pr-true,q-88/a6-owc9pq/pv/31/c7/d2/3d2fec8030fafefb86b903b6de.jpg;https://adaptive-images.uooucdn.com.br/tr:w-1100,h-1594,c-at_max,pr-true,q-88/a6-owc9pq/pv/99/77/f5/52bf9fae586b3f1eac96b87d75.jpg;https://adaptive-images.uooucdn.com.br/tr:w-1100,h-1594,c-at_max,pr-true,q-88/a6-owc9pq/pv/c6/0c/27/342f0fdb8c3d14ec4dbe8e489d.jpg;https://adaptive-images.uooucdn.com.br/tr:w-1100,h-1594,c-at_max,pr-true,q-88/a6-owc9pq/pv/70/d3/68/27516bb3a6bb10b1da3ec960e8.jpg;;;;;;;Ambiente Demonstrativo
;302026;;;;;;;;;;;
;302026;;;;;;;;;;;
;302026;;;;;;;;;;;
302025;;https://adaptive-images.uooucdn.com.br/tr:w-1100,h-1594,c-at_max,pr-true,q-88/a6-owc9pq/pv/46/73/c2/5b36fe2e9432240bad99dcc30b.jpg;https://adaptive-images.uooucdn.com.br/tr:w-1100,h-1594,c-at_max,pr-true,q-88/a6-owc9pq/pv/73/be/a4/b3562b8f2d531f54557bd31b26.jpg;https://adaptive-images.uooucdn.com.br/tr:w-1100,h-1594,c-at_max,pr-true,q-88/a6-owc9pq/pv/0b/7a/a9/e2fc4303b7c9a209854526c6d3.jpg;;;;;;;;Ambiente Demonstrativo
;302025;;;;;;;;;;;
;302025;;;;;;;;;;;
;302025;;;;;;;;;;;
302024;;https://adaptive-images.uooucdn.com.br/tr:w-1100,h-1594,c-at_max,pr-true,q-88/a6-owc9pq/pv/79/44/c7/d35347d040d586abf20811277a.jpg;https://adaptive-images.uooucdn.com.br/tr:w-1100,h-1594,c-at_max,pr-true,q-88/a6-owc9pq/pv/d6/a8/00/1a06374446e39e29a1d07c1c7e.jpg;https://adaptive-images.uooucdn.com.br/tr:w-1100,h-1594,c-at_max,pr-true,q-88/a6-owc9pq/pv/c7/ad/f4/c81c11eba25bfdb5d188a8aee8.jpg;https://adaptive-images.uooucdn.com.br/tr:w-1100,h-1594,c-at_max,pr-true,q-88/a6-owc9pq/pv/5f/36/93/68d774c349d661271dedf094cf.jpg;;;;;;;Ambiente Demonstrativo
;302024;;;;;;;;;;;
;302024;;;;;;;;;;;
;302024;;;;;;;;;;;
302023;;https://adaptive-images.uooucdn.com.br/tr:w-1100,h-1594,c-at_max,pr-true,q-88/a6-owc9pq/pv/1e/b5/ac/558e29fb98feb34f57428f9caa.jpg;https://adaptive-images.uooucdn.com.br/tr:w-1100,h-1594,c-at_max,pr-true,q-88/a6-owc9pq/pv/56/dc/78/8e48c08a3114f294373ceb7df7.jpg;https://adaptive-images.uooucdn.com.br/tr:w-1100,h-1594,c-at_max,pr-true,q-88/a6-owc9pq/pv/05/c5/dc/d0cee80f22abfa91ced2965788.jpg;https://adaptive-images.uooucdn.com.br/tr:w-1100,h-1594,c-at_max,pr-true,q-88/a6-owc9pq/pv/ab/34/97/e3a34e141336f289b79f6a3c25.jpg;;;;;;;Ambiente Demonstrativo
;302023;;;;;;;;;;;
;302023;;;;;;;;;;;
;302023;;;;;;;;;;;
302022;;https://adaptive-images.uooucdn.com.br/tr:w-1100,h-1594,c-at_max,pr-true,q-88/a6-owc9pq/pv/5c/45/8b/d2ec0d3814fd64e84fff68686a.jpg;https://adaptive-images.uooucdn.com.br/tr:w-1100,h-1594,c-at_max,pr-true,q-88/a6-owc9pq/pv/85/16/f6/56cbe2c152def23fc96d46da92.jpg;https://adaptive-images.uooucdn.com.br/tr:w-1100,h-1594,c-at_max,pr-true,q-88/a6-owc9pq/pv/ef/b2/71/47a0f1676569c6763170feae05.jpg;https://adaptive-images.uooucdn.com.br/tr:w-1100,h-1594,c-at_max,pr-true,q-88/a6-owc9pq/pv/0d/92/6a/1e0c44c39b930ebad5a1211a06.jpg;;;;;;;Ambiente Demonstrativo
;302022;;;;;;;;;;;
;302022;;;;;;;;;;;
;302022;;;;;;;;;;;
302021;;https://adaptive-images.uooucdn.com.br/tr:w-1100,h-1594,c-at_max,pr-true,q-88/a6-owc9pq/pv/bf/9e/78/65884c5e1f28e7a0c24a90fb4d.jpg;https://adaptive-images.uooucdn.com.br/tr:w-1100,h-1594,c-at_max,pr-true,q-88/a6-owc9pq/pv/d8/25/92/c628d3c148241144b5a62900dd.jpg;https://adaptive-images.uooucdn.com.br/tr:w-1100,h-1594,c-at_max,pr-true,q-88/a6-owc9pq/pv/47/b9/54/5ce20ff246b662427c673c7c5e.jpg;;;;;;;;Ambiente Demonstrativo
;302021;;;;;;;;;;;
;302021;;;;;;;;;;;
;302021;;;;;;;;;;;
302020;;https://adaptive-images.uooucdn.com.br/tr:w-1100,h-1594,c-at_max,pr-true,q-88/a6-owc9pq/pv/f4/e0/81/5b9508f9036ccb2299265d2928.jpg;https://adaptive-images.uooucdn.com.br/tr:w-1100,h-1594,c-at_max,pr-true,q-88/a6-owc9pq/pv/26/dc/05/e93372e8b6e08c4b9fd21e5d9e.jpg;https://adaptive-images.uooucdn.com.br/tr:w-1100,h-1594,c-at_max,pr-true,q-88/a6-owc9pq/pv/16/3b/a7/36958b2ed01b2cba0172ffa06c.jpg;https://adaptive-images.uooucdn.com.br/tr:w-1100,h-1594,c-at_max,pr-true,q-88/a6-owc9pq/pv/99/22/82/163f19d927bd01873f8ffcb610.jpg;https://adaptive-images.uooucdn.com.br/tr:w-1100,h-1594,c-at_max,pr-true,q-88/a6-owc9pq/pv/57/2d/5c/89b44b5a9d5c6b9e23413c8a2f.jpg;;;;;;Ambiente Demonstrativo
;302020;;;;;;;;;;;
;302020;;;;;;;;;;;
;302020;;;;;;;;;;;
302019;;https://adaptive-images.uooucdn.com.br/tr:w-1100,h-1594,c-at_max,pr-true,q-88/a6-owc9pq/pv/2c/f6/27/0dd95de8ac22a4539d80ba1493.jpg;https://adaptive-images.uooucdn.com.br/tr:w-1100,h-1594,c-at_max,pr-true,q-88/a6-owc9pq/pv/7c/7a/99/ff8c98423c0fd3a58fccd8d6de.jpg;https://adaptive-images.uooucdn.com.br/tr:w-1100,h-1594,c-at_max,pr-true,q-88/a6-owc9pq/pv/67/c1/de/a38189dd88f97eaad47d3328c9.jpg;https://adaptive-images.uooucdn.com.br/tr:w-1100,h-1594,c-at_max,pr-true,q-88/a6-owc9pq/pv/33/28/15/0f60587885f28623487591585d.jpg;;;;;;;Ambiente Demonstrativo
;302019;;;;;;;;;;;
;302019;;;;;;;;;;;
;302019;;;;;;;;;;;
;302019;;;;;;;;;;;
;302019;;;;;;;;;;;
;302019;;;;;;;;;;;
302018;;https://adaptive-images.uooucdn.com.br/tr:w-1100,h-1594,c-at_max,pr-true,q-88/a6-owc9pq/pv/19/71/f8/849d6fc9949cd96e2974318f6c.jpg;https://adaptive-images.uooucdn.com.br/tr:w-1100,h-1594,c-at_max,pr-true,q-88/a6-owc9pq/pv/b8/0d/b6/ef49eb5310a66e235af36f8c0b.jpg;https://adaptive-images.uooucdn.com.br/tr:w-1100,h-1594,c-at_max,pr-true,q-88/a6-owc9pq/pv/96/64/3a/30dc32693a8a7376965158e4b8.jpg;https://adaptive-images.uooucdn.com.br/tr:w-1100,h-1594,c-at_max,pr-true,q-88/a6-owc9pq/pv/7f/56/5f/aad36772066664cdac1a721061.jpg;;;;;;;Ambiente Demonstrativo
;302018;;;;;;;;;;;
;302018;;;;;;;;;;;
;302018;;;;;;;;;;;
;302018;;;;;;;;;;;
;302018;;;;;;;;;;;
;302018;;;;;;;;;;;
302017;;https://adaptive-images.uooucdn.com.br/tr:w-1100,h-1594,c-at_max,pr-true,q-88/a6-owc9pq/pv/ab/00/b5/fc3310767cc9b4c952663d2d68.jpg;https://adaptive-images.uooucdn.com.br/tr:w-1100,h-1594,c-at_max,pr-true,q-88/a6-owc9pq/pv/9c/8c/7d/a23f2f36fe033967e1ec4dcefc.jpg;https://adaptive-images.uooucdn.com.br/tr:w-1100,h-1594,c-at_max,pr-true,q-88/a6-owc9pq/pv/02/85/75/07c38a5506715da7663e64d2de.jpg;https://adaptive-images.uooucdn.com.br/tr:w-1100,h-1594,c-at_max,pr-true,q-88/a6-owc9pq/pv/9b/92/d3/c88231ff2e6f3b58efcaceb3be.jpg;;;;;;;Ambiente Demonstrativo
;302017;;;;;;;;;;;
;302017;;;;;;;;;;;
;302017;;;;;;;;;;;
;302017;;;;;;;;;;;
;302017;;;;;;;;;;;
;302017;;;;;;;;;;;
302016;;https://adaptive-images.uooucdn.com.br/tr:w-1100,h-1594,c-at_max,pr-true,q-88/a6-owc9pq/pv/f6/93/70/6c902062c4698953f282ef4ad4.jpg;https://adaptive-images.uooucdn.com.br/tr:w-1100,h-1594,c-at_max,pr-true,q-88/a6-owc9pq/pv/9e/08/a5/b5fc4113230c1fc6cbd0f21889.jpg;https://adaptive-images.uooucdn.com.br/tr:w-1100,h-1594,c-at_max,pr-true,q-88/a6-owc9pq/pv/05/25/42/5941a27147bb0a6cfdf3a5c48e.jpg;https://adaptive-images.uooucdn.com.br/tr:w-1100,h-1594,c-at_max,pr-true,q-88/a6-owc9pq/pv/e3/50/a0/f5aaabd5bba5017130a99193bc.jpg;;;;;;;Ambiente Demonstrativo
;302016;;;;;;;;;;;
;302016;;;;;;;;;;;
;302016;;;;;;;;;;;
;302016;;;;;;;;;;;
;302016;;;;;;;;;;;
;302016;;;;;;;;;;;
302015;;https://adaptive-images.uooucdn.com.br/tr:w-1100,h-1594,c-at_max,pr-true,q-88/a6-owc9pq/pv/8c/f6/b0/d8153ff63efc7595b1e12901f3.jpg;https://adaptive-images.uooucdn.com.br/tr:w-1100,h-1594,c-at_max,pr-true,q-88/a6-owc9pq/pv/b1/02/3d/7ad0f59fb3b6c07beeb19d518e.jpg;https://adaptive-images.uooucdn.com.br/tr:w-1100,h-1594,c-at_max,pr-true,q-88/a6-owc9pq/pv/d1/f5/06/dce0489bc5a716c22ff57c2923.jpg;https://adaptive-images.uooucdn.com.br/tr:w-1100,h-1594,c-at_max,pr-true,q-88/a6-owc9pq/pv/21/30/99/04aff7af13d04c7a8af7d695b7.jpg;;;;;;;Ambiente Demonstrativo
;302015;;;;;;;;;;;
;302015;;;;;;;;;;;
;302015;;;;;;;;;;;
;302015;;;;;;;;;;;
;302015;;;;;;;;;;;
;302015;;;;;;;;;;;
302014;;https://adaptive-images.uooucdn.com.br/tr:w-1100,h-1594,c-at_max,pr-true,q-88/a6-owc9pq/pv/3f/4e/59/a06bf53b4ae5ae9b10a7a3439f.jpg;https://adaptive-images.uooucdn.com.br/tr:w-1100,h-1594,c-at_max,pr-true,q-88/a6-owc9pq/pv/83/73/6d/7a175dd1fc1aae750c6179de03.jpg;https://adaptive-images.uooucdn.com.br/tr:w-1100,h-1594,c-at_max,pr-true,q-88/a6-owc9pq/pv/a5/4a/08/3a5664653e5cf7667fe418efd5.jpg;https://adaptive-images.uooucdn.com.br/tr:w-1100,h-1594,c-at_max,pr-true,q-88/a6-owc9pq/pv/11/64/4c/99903628ab6ec9cc1d66b00eed.jpg;https://adaptive-images.uooucdn.com.br/tr:w-1100,h-1594,c-at_max,pr-true,q-88/a6-owc9pq/pv/18/2a/ed/69fb6adbec7ae8bfcaf160ee1c.jpg;;;;;;Ambiente Demonstrativo
;302014;;;;;;;;;;;
;302014;;;;;;;;;;;
;302014;;;;;;;;;;;
;302014;;;;;;;;;;;
;302014;;;;;;;;;;;
;302014;;;;;;;;;;;
;302014;;;;;;;;;;;
;302014;;;;;;;;;;;
;302014;;;;;;;;;;;
;302014;;;;;;;;;;;
302013;;https://adaptive-images.uooucdn.com.br/tr:w-1100,h-1594,c-at_max,pr-true,q-88/a6-owc9pq/pv/82/aa/0b/a2abf8d341329f8e1b69245e3a.jpg;https://adaptive-images.uooucdn.com.br/tr:w-1100,h-1594,c-at_max,pr-true,q-88/a6-owc9pq/pv/17/36/c8/58ef6b9f1f3c19dd09b639b9c7.jpg;https://adaptive-images.uooucdn.com.br/tr:w-1100,h-1594,c-at_max,pr-true,q-88/a6-owc9pq/pv/1c/59/7e/ec76c2311d29b1818e4ecff00b.jpg;https://adaptive-images.uooucdn.com.br/tr:w-1100,h-1594,c-at_max,pr-true,q-88/a6-owc9pq/pv/ca/ee/85/137a81071dcd2e4e247b9ef447.jpg;;;;;;;Ambiente Demonstrativo
;302013;;;;;;;;;;;
;302013;;;;;;;;;;;
;302013;;;;;;;;;;;
;302013;;;;;;;;;;;
;302013;;;;;;;;;;;
143;;https://adaptive-images.uooucdn.com.br/tr:w-1100,h-1594,c-at_max,pr-true,q-88/a6-owc9pq/pv/d7/f2/d7/999cb9b9e31be48eb22e8661e6.jpg;https://adaptive-images.uooucdn.com.br/tr:w-1100,h-1594,c-at_max,pr-true,q-88/a6-owc9pq/pv/be/c9/46/84e5c0d689461aa20e2cb5bd2e.jpg;;;;;;;;;Ambiente Demonstrativo
;143;;;;;;;;;;;
;143;;;;;;;;;;;
;143;;;;;;;;;;;
;143;;;;;;;;;;;
142;;https://adaptive-images.uooucdn.com.br/tr:w-1100,h-1594,c-at_max,pr-true,q-88/a6-owc9pq/pv/51/4e/7a/2db7de6f408dc1e0671d3a56e7.jpg;https://adaptive-images.uooucdn.com.br/tr:w-1100,h-1594,c-at_max,pr-true,q-88/a6-owc9pq/pv/fe/61/27/9db8e8bad093ba7bb13cc92467.jpg;;;;;;;;;Ambiente Demonstrativo
;142;;;;;;;;;;;
;142;;;;;;;;;;;
;142;;;;;;;;;;;
;142;;;;;;;;;;;
141;;https://adaptive-images.uooucdn.com.br/tr:w-1100,h-1594,c-at_max,pr-true,q-88/a6-owc9pq/pv/8a/a6/58/b828e573237d3632bdb688c472.jpg;;;;;;;;;;Ambiente Demonstrativo
;141;;;;;;;;;;;
;141;;;;;;;;;;;
;141;;;;;;;;;;;
;141;;;;;;;;;;;
140;;https://adaptive-images.uooucdn.com.br/tr:w-1100,h-1594,c-at_max,pr-true,q-88/a6-owc9pq/pv/0c/b6/a4/fac691212f62f4ac8d5def905a.jpg;;;;;;;;;;Ambiente Demonstrativo
;140;;;;;;;;;;;
;140;;;;;;;;;;;
;140;;;;;;;;;;;
;140;;;;;;;;;;;
136;;https://adaptive-images.uooucdn.com.br/tr:w-1100,h-1594,c-at_max,pr-true,q-88/a6-owc9pq/pv/7a/46/e2/01f6da5da3e2529db3ffb91f3c.jpg;;;;;;;;;;Ambiente Demonstrativo
;136;;;;;;;;;;;
;136;;;;;;;;;;;
;136;;;;;;;;;;;
135;;https://adaptive-images.uooucdn.com.br/tr:w-1100,h-1594,c-at_max,pr-true,q-88/a6-owc9pq/pv/8d/e2/24/f2020df1538c957d1e0a3669ce.jpg;;;;;;;;;;Ambiente Demonstrativo
;135;;;;;;;;;;;
;135;;;;;;;;;;;
;135;;;;;;;;;;;
134;;https://adaptive-images.uooucdn.com.br/tr:w-1100,h-1594,c-at_max,pr-true,q-88/a6-owc9pq/pv/49/3e/77/ff687c4812bc1a9b1123b9f6be.jpg;;;;;;;;;;Ambiente Demonstrativo
;134;;;;;;;;;;;
;134;;;;;;;;;;;
;134;;;;;;;;;;;
;134;;;;;;;;;;;
132;;https://adaptive-images.uooucdn.com.br/tr:w-1100,h-1594,c-at_max,pr-true,q-88/a6-owc9pq/pv/bc/f9/62/aa96cf0ed750a1227cbc616894.jpg;;;;;;;;;;Ambiente Demonstrativo
;132;;;;;;;;;;;
;132;;;;;;;;;;;
;132;;;;;;;;;;;
;132;;;;;;;;;;;
;132;;;;;;;;;;;
;132;;;;;;;;;;;
;132;;;;;;;;;;;
;132;;;;;;;;;;;
131;;https://adaptive-images.uooucdn.com.br/tr:w-1100,h-1594,c-at_max,pr-true,q-88/a6-owc9pq/pv/c9/b0/ac/fd75a47ff4257c542c013cb2a1.jpg;;;;;;;;;;Ambiente Demonstrativo
;131;;;;;;;;;;;
;131;;;;;;;;;;;
;131;;;;;;;;;;;
;131;;;;;;;;;;;
130;;https://adaptive-images.uooucdn.com.br/tr:w-1100,h-1594,c-at_max,pr-true,q-88/a6-owc9pq/pv/69/e6/1f/3011992116a93027a8356c6cfe.jpg;https://adaptive-images.uooucdn.com.br/tr:w-1100,h-1594,c-at_max,pr-true,q-88/a6-owc9pq/pv/c6/5e/5b/688c076170731f768fc5814cac.jpg;;;;;;;;;Ambiente Demonstrativo
;130;;;;;;;;;;;
;130;;;;;;;;;;;
;130;;;;;;;;;;;
;130;;;;;;;;;;;
129;;https://adaptive-images.uooucdn.com.br/tr:w-1100,h-1594,c-at_max,pr-true,q-88/a6-owc9pq/pv/e2/28/b6/429974620ef0eefcdea89a4d9a.jpg;;;;;;;;;;Ambiente Demonstrativo
;129;;;;;;;;;;;
;129;;;;;;;;;;;
;129;;;;;;;;;;;
;129;;;;;;;;;;;
128;;https://adaptive-images.uooucdn.com.br/tr:w-1100,h-1594,c-at_max,pr-true,q-88/a6-owc9pq/pv/bc/ab/49/c971f2f072b8084a326efd5768.jpg;;;;;;;;;;Ambiente Demonstrativo
;128;;;;;;;;;;;
;128;;;;;;;;;;;
;128;;;;;;;;;;;
127;;https://adaptive-images.uooucdn.com.br/tr:w-1100,h-1594,c-at_max,pr-true,q-88/a6-owc9pq/pv/43/2b/fb/e2e969d0cc605de0c6fb80d5e8.jpg;;;;;;;;;;Ambiente Demonstrativo
;127;;;;;;;;;;;
;127;;;;;;;;;;;
;127;;;;;;;;;;;
126;;https://adaptive-images.uooucdn.com.br/tr:w-1100,h-1594,c-at_max,pr-true,q-88/a6-owc9pq/pv/76/8d/4b/4e0643bea70cd32f6d553f9056.jpg;https://adaptive-images.uooucdn.com.br/tr:w-1100,h-1594,c-at_max,pr-true,q-88/a6-owc9pq/pv/18/a4/ae/6f638ba6a56f132f649d69227f.jpg;;;;;;;;;Ambiente Demonstrativo
;126;;;;;;;;;;;
;126;;;;;;;;;;;
;126;;;;;;;;;;;
;126;;;;;;;;;;;
125;;https://adaptive-images.uooucdn.com.br/tr:w-1100,h-1594,c-at_max,pr-true,q-88/a6-owc9pq/pv/a6/5b/98/b28c5a8d5dec63d633c92a8b48.png;https://adaptive-images.uooucdn.com.br/tr:w-1100,h-1594,c-at_max,pr-true,q-88/a6-owc9pq/pv/73/1b/6b/eb37235a8361f23a984f097a44.png;;;;;;;;;Ambiente Demonstrativo
;125;;;;;;;;;;;
;125;;;;;;;;;;;
;125;;;;;;;;;;;
;125;;;;;;;;;;;
124;;https://adaptive-images.uooucdn.com.br/tr:w-1100,h-1594,c-at_max,pr-true,q-88/a6-owc9pq/pv/ec/d5/ad/0c379a8aefe2bd80e060b84bde.png;https://adaptive-images.uooucdn.com.br/tr:w-1100,h-1594,c-at_max,pr-true,q-88/a6-owc9pq/pv/a7/c6/59/6d5d04af2346ae5f127a15083d.png;;;;;;;;;Ambiente Demonstrativo
;124;;;;;;;;;;;
;124;;;;;;;;;;;
123;;https://adaptive-images.uooucdn.com.br/tr:w-1100,h-1594,c-at_max,pr-true,q-88/a6-owc9pq/pv/74/5d/29/215173f6f3482b43499ddea84c.png;https://adaptive-images.uooucdn.com.br/tr:w-1100,h-1594,c-at_max,pr-true,q-88/a6-owc9pq/pv/1a/e5/2b/ec186ca60efc722d431ef3c364.png;;;;;;;;;Ambiente Demonstrativo
;123;;;;;;;;;;;
;123;;;;;;;;;;;
;123;;;;;;;;;;;
;123;;;;;;;;;;;
